"source","target","weight","Label"
"family:external","chapter:21","3","exact registered-code reference"
"family:external","chapter:19","32","exact registered-code reference"
"family:disease","chapter:22","40","exact registered-code reference"
"family:disease","chapter:8","167","exact registered-code reference"
"family:disease","chapter:7","836","exact registered-code reference"
"family:disease","chapter:16","1310","exact registered-code reference"
"family:disease","chapter:2","1340","exact registered-code reference"
"family:disease","chapter:3","1767","exact registered-code reference"
"family:disease","chapter:12","1860","exact registered-code reference"
"family:disease","chapter:10","1864","exact registered-code reference"
"family:disease","chapter:15","2039","exact registered-code reference"
"family:disease","chapter:18","2086","exact registered-code reference"
"family:disease","chapter:13","2593","exact registered-code reference"
"family:disease","chapter:6","2683","exact registered-code reference"
"family:disease","chapter:14","2747","exact registered-code reference"
"family:disease","chapter:9","3286","exact registered-code reference"
"family:disease","chapter:11","3328","exact registered-code reference"
"family:disease","chapter:4","3340","exact registered-code reference"
"family:disease","chapter:5","3738","exact registered-code reference"
"family:disease","chapter:21","3798","exact registered-code reference"
"family:disease","chapter:17","4841","exact registered-code reference"
"family:disease","chapter:1","6356","exact registered-code reference"
"family:external","chapter:20","6413","exact registered-code reference"
"family:disease","chapter:19","6885","exact registered-code reference"
"family:neoplasm","chapter:2","7928","exact registered-code reference"
"family:drug","chapter:19","40036","exact registered-code reference"
"chapter:1","predicate:code_first","7","code_first"
"chapter:1","predicate:excludes1","86","excludes1"
"chapter:1","predicate:excludes2","39","excludes2"
"chapter:1","predicate:use_additional_code","12","use_additional_code"
"chapter:10","predicate:code_first","27","code_first"
"chapter:10","predicate:excludes1","94","excludes1"
"chapter:10","predicate:excludes2","51","excludes2"
"chapter:10","predicate:use_additional_code","42","use_additional_code"
"chapter:11","predicate:code_first","16","code_first"
"chapter:11","predicate:excludes1","128","excludes1"
"chapter:11","predicate:excludes2","75","excludes2"
"chapter:11","predicate:use_additional_code","56","use_additional_code"
"chapter:12","predicate:code_first","10","code_first"
"chapter:12","predicate:excludes1","53","excludes1"
"chapter:12","predicate:excludes2","54","excludes2"
"chapter:12","predicate:use_additional_code","28","use_additional_code"
"chapter:13","predicate:code_first","37","code_first"
"chapter:13","predicate:excludes1","137","excludes1"
"chapter:13","predicate:excludes2","75","excludes2"
"chapter:13","predicate:use_additional_code","38","use_additional_code"
"chapter:14","predicate:code_first","18","code_first"
"chapter:14","predicate:excludes1","148","excludes1"
"chapter:14","predicate:excludes2","34","excludes2"
"chapter:14","predicate:use_additional_code","31","use_additional_code"
"chapter:15","predicate:code_first","4","code_first"
"chapter:15","predicate:excludes1","86","excludes1"
"chapter:15","predicate:excludes2","43","excludes2"
"chapter:15","predicate:use_additional_code","66","use_additional_code"
"chapter:16","predicate:code_first","8","code_first"
"chapter:16","predicate:excludes1","71","excludes1"
"chapter:16","predicate:excludes2","33","excludes2"
"chapter:16","predicate:use_additional_code","15","use_additional_code"
"chapter:17","predicate:code_first","2","code_first"
"chapter:17","predicate:excludes1","105","excludes1"
"chapter:17","predicate:excludes2","22","excludes2"
"chapter:17","predicate:use_additional_code","12","use_additional_code"
"chapter:18","predicate:code_first","19","code_first"
"chapter:18","predicate:excludes1","186","excludes1"
"chapter:18","predicate:excludes2","49","excludes2"
"chapter:18","predicate:use_additional_code","14","use_additional_code"
"chapter:19","predicate:code_first","44","code_first"
"chapter:19","predicate:excludes1","262","excludes1"
"chapter:19","predicate:excludes2","240","excludes2"
"chapter:19","predicate:use_additional_code","151","use_additional_code"
"chapter:2","predicate:code_first","3","code_first"
"chapter:2","predicate:excludes1","207","excludes1"
"chapter:2","predicate:excludes2","39","excludes2"
"chapter:2","predicate:use_additional_code","46","use_additional_code"
"chapter:20","predicate:code_first","5","code_first"
"chapter:20","predicate:excludes1","245","excludes1"
"chapter:20","predicate:excludes2","40","excludes2"
"chapter:20","predicate:use_additional_code","4","use_additional_code"
"chapter:21","predicate:code_first","20","code_first"
"chapter:21","predicate:excludes1","177","excludes1"
"chapter:21","predicate:excludes2","118","excludes2"
"chapter:21","predicate:use_additional_code","36","use_additional_code"
"chapter:22","predicate:code_first","1","code_first"
"chapter:22","predicate:excludes2","1","excludes2"
"chapter:22","predicate:use_additional_code","3","use_additional_code"
"chapter:3","predicate:code_first","14","code_first"
"chapter:3","predicate:excludes1","71","excludes1"
"chapter:3","predicate:excludes2","22","excludes2"
"chapter:3","predicate:use_additional_code","36","use_additional_code"
"chapter:4","predicate:code_first","13","code_first"
"chapter:4","predicate:excludes1","119","excludes1"
"chapter:4","predicate:excludes2","22","excludes2"
"chapter:4","predicate:use_additional_code","70","use_additional_code"
"chapter:5","predicate:code_first","11","code_first"
"chapter:5","predicate:excludes1","115","excludes1"
"chapter:5","predicate:excludes2","78","excludes2"
"chapter:5","predicate:use_additional_code","19","use_additional_code"
"chapter:6","predicate:code_first","43","code_first"
"chapter:6","predicate:excludes1","104","excludes1"
"chapter:6","predicate:excludes2","28","excludes2"
"chapter:6","predicate:use_additional_code","40","use_additional_code"
"chapter:7","predicate:code_first","11","code_first"
"chapter:7","predicate:excludes1","72","excludes1"
"chapter:7","predicate:excludes2","32","excludes2"
"chapter:7","predicate:use_additional_code","13","use_additional_code"
"chapter:8","predicate:code_first","9","code_first"
"chapter:8","predicate:excludes1","26","excludes1"
"chapter:8","predicate:excludes2","8","excludes2"
"chapter:8","predicate:use_additional_code","12","use_additional_code"
"chapter:9","predicate:code_first","41","code_first"
"chapter:9","predicate:excludes1","152","excludes1"
"chapter:9","predicate:excludes2","62","excludes2"
"chapter:9","predicate:use_additional_code","100","use_additional_code"
