"ID","Label","Category"
"chapter:1","Certain infectious and parasitic diseases (A00-B99)","Clinical chapter"
"chapter:2","Neoplasms (C00-D49)","Clinical chapter"
"chapter:3","Diseases of the blood and blood-forming organs and certain disorders involving the immune mechanism (D50-D89)","Clinical chapter"
"chapter:4","Endocrine, nutritional and metabolic diseases (E00-E89)","Clinical chapter"
"chapter:5","Mental, Behavioral and Neurodevelopmental disorders (F01-F99)","Clinical chapter"
"chapter:6","Diseases of the nervous system (G00-G99)","Clinical chapter"
"chapter:7","Diseases of the eye and adnexa (H00-H59)","Clinical chapter"
"chapter:8","Diseases of the ear and mastoid process (H60-H95)","Clinical chapter"
"chapter:9","Diseases of the circulatory system (I00-I99)","Clinical chapter"
"chapter:10","Diseases of the respiratory system (J00-J99)","Clinical chapter"
"chapter:11","Diseases of the digestive system (K00-K95)","Clinical chapter"
"chapter:12","Diseases of the skin and subcutaneous tissue (L00-L99)","Clinical chapter"
"chapter:13","Diseases of the musculoskeletal system and connective tissue (M00-M99)","Clinical chapter"
"chapter:14","Diseases of the genitourinary system (N00-N99)","Clinical chapter"
"chapter:15","Pregnancy, childbirth and the puerperium (O00-O9A)","Clinical chapter"
"chapter:16","Certain conditions originating in the perinatal period (P00-P96)","Clinical chapter"
"chapter:17","Congenital malformations, deformations and chromosomal abnormalities (Q00-QA0)","Clinical chapter"
"chapter:18","Symptoms, signs and abnormal clinical and laboratory findings, not elsewhere classified (R00-R99)","Clinical chapter"
"chapter:19","Injury, poisoning and certain other consequences of external causes (S00-T88)","Clinical chapter"
"chapter:20","External causes of morbidity (V00-Y99)","Clinical chapter"
"chapter:21","Factors influencing health status and contact with health services (Z00-Z99)","Clinical chapter"
"chapter:22","Codes for special purposes (U00-U85)","Clinical chapter"
