category,family,facts,jsonl_tokens,ffl2_tokens,ffl3_tokens,ffl3_tokens_per_fact,ffl3_facts_per_1000_tokens,saved_vs_jsonl_tokens,saved_vs_jsonl_pct,saved_vs_ffl2_tokens,saved_vs_ffl2_pct,ffl3_token_share_pct,ffl3_path,ffl3_sha256,ffl2_sha256,jsonl_sha256
classification/hierarchy,classification,47213,2582266,1165902,1071562,22.696333636922034,44.059979730524226,1510704,58.50303570584905,94340,8.091589173017972,4.517590178994147,knowledge/classification--hierarchy.ffl,52f06ad1777abfb8848aaf33d8d8e84cbffedfc4518331fa2d7ea07393fb4a15,b9cacfcd17418cd480ba1c374673d04a8327b49d1e335f461f68583523dfe69b,3d5bdc21b3165dbea6186156f29e19f229c18bd3111963cacfb1b59ec6ff2332
classification/identifier,classification,47200,2541486,1125512,1031196,21.84737288135593,45.77209376297038,1510290,59.42546998094815,94316,8.379830690388019,4.347411463095974,knowledge/classification--identifier.ffl,6d0c4c67bad5c4bc44d65b3c5ca0b4f614784a6de8ceb5d203f81acd245bd3d8,67c8677e34fde56ed66a217f0d8d042ff481d289bda64055e13425f01f609757,cb876dc410560c133e9b6ec147ceb6bfc082624ef5e7be24130e57d8b7b23863
classification/notation,classification,246,12986,5632,4973,20.215447154471544,49.46712246129097,8013,61.704912983212694,659,11.700994318181818,0.020965633309260587,knowledge/classification--notation.ffl,62c3f4a9f90bf9194441d8393978ab935e943f4f255064f5b33df9d240fc9eb1,188d70fb24ce818dc815631b9f99220e6640383a0eca3602188b614ebc015cd4,daa516f4116a63e924565250fad5750f3800907cdf754db356b459d419b8c338
classification/sections,classification,289,22282,12614,11836,40.95501730103806,24.41703278134505,10446,46.880890404811055,778,6.167750118915491,0.04989930340808532,knowledge/classification--sections.ffl,13d0f73c277ed8b22fe7573aeb1d768b1f9944f39e2377619358d59361cf4bbe,d4e1b30fe68972bb33fbd20ab3d7b07652462830710fa0ef90fb144e1b837e76,7a5d262cd1bbe0b22f3cf4e4a025c8db04be8ce374fe48b6b8ae36343e5daf25
classification/seventh_character,classification,51305,3438750,2053542,1951017,38.02781405321119,26.29654175232712,1487733,43.26377317339149,102525,4.992593285162904,8.225277901092634,knowledge/classification--seventh_character.ffl,9010895d4dc1738641e4f06fd4cd09c5eb39c4de46420220e0153460460af0e0,92716cd2f05606cf2e069ca79cea1a9ad6ec06f117b603798747417ce450bf0b,382d2fe92960f548404ba8db40ed315576671b97b7adfd4688d385b71c3ee5c2
classification/short_title,classification,98186,6390917,3347960,3150746,32.089564703725586,31.16277859275232,3240171,50.69962573446033,197214,5.890572169321019,13.28320637173126,knowledge/classification--short_title.ffl,b9b770efd5b56e5a3f45616acad61106994487a3aa24c1897cbd9477216a7ca2,66b72ce814e57201785ac302e3d935eeacbad32631e06e48b31f839790838c5b,dc0c9d00ffd7f43798f63ee6d661a241c9a666ada2025c05fb46a5c20775a3e6
classification/status,classification,98186,6629634,3880451,3684167,37.52232497504736,26.650800574458216,2945467,44.42880255531452,196284,5.058278019745643,15.532051954972582,knowledge/classification--status.ffl,cea1328bcb1c9015057c459225dd2a35a5b80cd2ce20994a61740025f795e37f,2c1c6c6baa5bd5a5e18112f00bd0b0e824246d7088ead32082bb19a5fe7894e2,d0e100b1219c1d45aff1ece0a1798d35d234ae2514a415eaff5ed6be08d75c8f
classification/title,classification,98623,6909777,4050368,3852877,39.06671871672936,25.59723552036569,3056900,44.24021209367538,197491,4.8758779449175975,16.243315175484415,knowledge/classification--title.ffl,3f9401ec4bbe6095bcbc66d307e88f3cf2dc8cbee7192308238304475bb43fb7,5c4f93a555d27ac980f4d174bdccef3b80a99eb31eb2aba23b968889e391d7e7,ae42d70c05f91dfa4703918402f71b68aacd15ffc47872f1638a479f640e7064
coding/caution,coding,3,229,171,247,82.33333333333333,12.145748987854251,-18,-7.860262008733624,-76,-44.44444444444444,0.0010413254428689655,knowledge/coding--caution.ffl,a9108a2c4813e5200277fd0aab670c468cb90fc9621f12a7a499be406988e68a,7ffa82ee60c25abfae6f66c1de83525eea0977f676a8162eba310f6a396778ea,590a1bbe18ace9c30c7062df9e9912143f323ecac71a9f132f13b9b671369e12
coding/convention,coding,6,485,256,334,55.666666666666664,17.964071856287426,151,31.1340206185567,-78,-30.46875,0.0014081080887377913,knowledge/coding--convention.ffl,dcbe12bcd6a0b99bd74b813453db68132dba9d3de3abef8e3310495bd3b0ff03,5336b7172d4ad0de0721a177d2c34f5b06e0cd398b21831cb16a374e1aa3cbbe,864667f9cf8c3f70a9e9ab6f760d29599f28f6a449f42c79c9c800f8c3d4a1dc
guideline/poa,guideline,9,495,216,283,31.444444444444443,31.802120141342755,212,42.82828282828283,-67,-31.01851851851852,0.0011930975721939968,knowledge/guideline--poa.ffl,2ea55d27ae170a7de566a6ee18ced34cb78ab1d34fb36d95b976d11d4d6b4374,b01b36e6d4e887aafb33ed58d4c84f6c9b9916fae1d9378f3e1ba36f599058a0,46bce634ee2a54b868f839ba38b01a11216edbb1d14ede7bc0df1fd4a4dfca97
guideline/rule,guideline,439,76736,63674,62848,143.1617312072893,6.985106924643585,13888,18.09841534612177,826,1.2972327794704275,0.2649604106616548,knowledge/guideline--rule.ffl,9baffd11932cf4d69f06df129594522c93a2c5efcbc27f1d42a56d96d619d2af,4645da1d87b14434a4d65cf3388b05b202b5d9b90b127b2a2bec6173f80ee003,81cb3f9e4f1559244ed13724da6fb441a5de45822f2e19dbb0798974f64fae6f
guideline/section,guideline,997,60570,24003,22059,22.125376128385156,45.196971757559275,38511,63.58098068350669,1944,8.098987626546682,0.09299837224391298,knowledge/guideline--section.ffl,8d9f99fada5777e4f0be3654719299f4c1eb8b3fdfb1939538cc9464145217e5,02fe5c069186a4c3ab1312236698352a6b7ba61e137493f7cbe74015675ce66e,3c732117842d52c754d4f5def355ef1871acd9713adce41fd8a50bc51fa99b25
index/book,index,2,127,94,179,89.5,11.1731843575419,-52,-40.94488188976378,-85,-90.42553191489361,0.0007546447541439061,knowledge/index--book.ffl,c99e8d20c0606a9545f5648b3dadaafb0254335079416c7a21d2c9fc718a07ae,89e8cc4261749fb41bf0b6e97ea6eb1dc9649feca16c9a9c88f97c0e59d6c694,d2b560f8fdb6332a6fa54ca9a7d4122a0a9ee978b9ba0f80e13ac066c05b8195
index/caution,index,3,221,169,247,82.33333333333333,12.145748987854251,-26,-11.764705882352942,-78,-46.15384615384615,0.0010413254428689655,knowledge/index--caution.ffl,43fddb0578c107f9b82bbbc57044e5163d5c4b5096661b19fe7fcf3407e7a3b9,b7cf82240b2e5c16b457db82211d33bbe1e42b185146b33479a50af0a0b4ea80,964a7d105685a10aa7ce8a9ff805b2195b1bbdcde8b684067d559763286bf63e
index/disease,index,241285,15152188,5632851,5129240,21.25801438133328,47.041082109630274,10022948,66.14851927655597,503611,8.940605742988764,21.624324350531225,knowledge/index--disease.ffl,24875544da9d0c6f5e6411ea2623a83f74774055e1bd6dee33d530cbaaa26e74,75cff9cb34be0d862e0f746a8a3ba1671bf674aee819511109324e2ec8967249,7ede47b4f69073f71fa98d316aa014efb8aafc4c45825bfc8ab49324a8e20115
index/drug,index,14992,897269,347475,316814,21.132203842049094,47.32114111118827,580455,64.69130216245073,30661,8.823944168645227,1.3356537605550138,knowledge/index--drug.ffl,99af2ea3b2581223e1afc18cdb632d1333c1cfe3af0c0b18717d2ed43dcde04e,8055d326b6634c234bdd87d8d86c152798cc21c858eee450103f5d3ce3b602d6,f01b5e12aac0b13ac8b3e5a74592bdd85744eb5c32337849adf8206d3dd3d1e4
index/external,index,23755,1463893,543707,494301,20.808292990949273,48.05776237555659,969592,66.23380260715777,49406,9.086879514150084,2.0839198693747876,knowledge/index--external.ffl,7dfbabfefd14ef6f52c8986351f3657cff2d57b13194260b659b425d7226fb66,1297535d45367e60a671f120828c82c492fe7528c6b46a99e9be13e80460cf42,ede4acdac2f8885ba94cf3196c3beaf269f4847fa30f85f563eced3eaa431638
index/modifier,index,15275,965215,522214,476515,31.195744680851064,32.055654071750105,488700,50.63120651875489,45699,8.751010122287031,2.0089360057032595,knowledge/index--modifier.ffl,d34092e65e488c8ffbe168065aa2d62234bee9b30d56d5d06ac6bd441156a0b4,03886c21fb4396a4d4e8c87e5ec5b450b71f6e3bc3e82a6a74bacaf9a4fc80bd,2fa3eef75802929b64fa52a2ceac155140189e71ff310ae305d08bb926af047f
index/neoplasm,index,4067,266466,108107,99186,24.38800098352594,41.003770693444636,167280,62.77723987300443,8921,8.252009583098227,0.41815751164534903,knowledge/index--neoplasm.ffl,8f68937a7286d5c58f06f3229ad3cd8b1deed1aaea96002711f4cf0b37baf6d5,1fc74744cfee3ee1136a9273149e227da06421bc3f003b35f7172c2f3fa2cd1a,c5248e735507b6acb25ad24e03c9226a8f7711bf35fd7ef2ad876cc712ef1f91
index/notation,index,4,349,271,346,86.5,11.560693641618498,3,0.8595988538681948,-75,-27.675276752767527,0.0014586987985128017,knowledge/index--notation.ffl,aed48fe23dfc0f52c5b095e6d0c771d280a4669d526c39ca3ca7c964bc732839,7c69ed4a2296f3d3aaa9a0370e999793f90879f9235a6ef0603635d650245a93,a754174e288d35b90882fdfb4e96a0b65d435503bffba2b8c7406918682f488a
index/reference,index,4,287,204,285,71.25,14.035087719298245,2,0.6968641114982579,-81,-39.705882352941174,0.0012015293571564986,knowledge/index--reference.ffl,28b09d4e0fdb45abd09ea7cbabad315d506e4ba96783c0aedfe0471d8732d569,5906d52f1c46b42a42c5a167687ceb311f87a64e78bdd5452cf3e154108a973e,6e6000cfaaebc66e3b5344784dc3b94d3b3ab703583e67b9e14b77a13333dcbd
index/synonym,index,2,126,91,170,85.0,11.764705882352942,-44,-34.92063492063492,-79,-86.81318681318682,0.0007167017218126483,knowledge/index--synonym.ffl,9dddcc7698414de364c199ce3124d98e14b7a2130cba086c9d4afc1bf1b1d9c8,30dfb5d367adee6efb62cb9584614b8f21d052d17d50fd9749bec541de813c74,359d8817cd41288f29e9b6830be594c295a27fa69efaf912f119aa26466a5c89
instruction/code_also,instruction,320,27813,18432,17879,55.871875,17.89809273449298,9934,35.7171107036278,553,3.000217013888889,0.07537594167228434,knowledge/instruction--code_also.ffl,afd545bc088e3c101de1c9ca2fdc296295378f34c89c8c61c92176ccc6cc2a05,abd414d276fae40866fede06a057491a5fcb90ff6547925d7681ca436f15c1bb,dfe9f107f8f0ad293d59a3c80cc5f6c94906f94bfde1957919bbd3499a240ee6
instruction/code_first,instruction,363,32816,22625,21983,60.55922865013774,16.512759859891734,10833,33.01133593369088,642,2.8375690607734807,0.09267796441533792,knowledge/instruction--code_first.ffl,d9af82db3f562ffaffa9b6baff730fb3935bf65c5465e76d5d5d93e42850b160,3a08c3d7787aea9d8503fe00a5a6b57baee52cff72c2b6702224b93228f4ae49,0d4e531a45e10006fd408da41101185f72952b8460edc0aaf82813c1928efce9
instruction/convention,instruction,7,975,799,866,123.71428571428571,8.083140877598153,109,11.179487179487179,-67,-8.385481852315394,0.0036509628887632555,knowledge/instruction--convention.ffl,dee0f71721d600064025f336775f4fee3c44220cc51913ec5bc2e04c8ed72e2a,54f2bb6bd3e44ea5194044b4fe19ffe76144b294dc1dab75e4c22f17bbb8021b,fd4189c5dfccf5103e8d4389941047051001239ca76d1ebf662527c86ea27510
instruction/excludes1,instruction,2644,246974,170324,165123,62.45196671709531,16.012305977967937,81851,33.14154526387393,5201,3.0535919776426104,0.6961408141815878,knowledge/instruction--excludes1.ffl,b95f342722a14fd61a4d01663a0a2c343900cad873a764b14f69cf0b18e04894,8b130554d8d18fa8cb543e6a62025e83781d69429fdb6826f6d9c5785ad2d5d3,e4cae7d659a271fccc104a9f5818b182df07a5b8ef64b0d94680dae19ffc2e2d
instruction/excludes2,instruction,1165,110650,76892,74647,64.07467811158799,15.606789288250031,36003,32.53773158608224,2245,2.9196795505384174,0.31470372604793384,knowledge/instruction--excludes2.ffl,7f3b1da96bdb3c583e0dd0a61a0a565df93a526e6c96aaaa613de60e834530dd,a37f52f9ae1254e0b8c20db30e4d17cdd82b4d1b06175fc76ee8a54f4bb0c2ed,38205ec4516d2fff6387fc5527139898ce2ee2c1f39363dc84b53b83c0ff6983
instruction/includes,instruction,415,35853,24671,23926,57.65301204819277,17.345147538242916,11927,33.26639332831283,745,3.0197397754448545,0.10086944350640836,knowledge/instruction--includes.ffl,4a46faa1023db58bdd6f14398904c49bd48e2487f9ca0e319ab1ea53fba4915d,c361519dc6b6246e22252db9eb0716a250151e1cc4a3023aa422b585b00909b8,c1592c13d5e94ceceb890e214fb4519060a8d69f2b869a7923b88dcf1cef06ae
instruction/inclusion_terms,instruction,6809,559946,362481,348955,51.24908209722426,19.512544597440932,210991,37.68059777192801,13526,3.7315059272072193,1.471156760794898,knowledge/instruction--inclusion_terms.ffl,1b4ced1baeda49544ac544d42f6d79460e11d4796ad160df90f22ceefb0f4205,f919d17e9ce3eb56e772e63c202932423b8e6a7221c7f2ddc6299e0e53987024,68685a4a7f4a45e1112e943e4541a1d686a7a13f0e9546e7cf8a573d71168c67
instruction/neoplasm_table,instruction,1,335,332,417,417.0,2.3980815347721824,-82,-24.47761194029851,-85,-25.602409638554217,0.0017580271646816137,knowledge/instruction--neoplasm_table.ffl,2e54952c11acfe3ac8acec36c0ffa7177a11eabab7a355bb9d75eb7a781820b7,043a1cc82de665a886834422c31c3d96c4a7c77279cea79e45426f98d26f1c9c,1daa1adff74a5abbfb1aab26dae63bfc366f8332f7e4a25c79f8ed25f228ed42
instruction/notes,instruction,86,10933,8498,8413,97.82558139534883,10.222275050517057,2520,23.049483215951707,85,1.0002353494939986,0.03546830344476359,knowledge/instruction--notes.ffl,fb7a55d02aa18b68df289907d86787ca4b22a1506dcd9f5b4269b68aa34ead36,fb6ff5b08ecc34521cccb6c4e58b44d72814fc2dc7365e1026fb5bfacc4c903e,6713b454d68db36d4c98669c3fbe4d5de758fbcdf8df0fa6f1997c30aff81c35
instruction/seventh_character,instruction,508,54851,39638,38706,76.19291338582677,13.124580168449336,16145,29.43428561010738,932,2.3512790756344923,0.16318033437929627,knowledge/instruction--seventh_character.ffl,0d0d5465c0dbb6fc02692b02388d6065f3869eea494ebccb1012a54c6891f3e2,9e11e2560d060a737f91d43f1e39d94cae5354e8c9d8a6118b6770555f958d76,07f70c779d26812e6186c0e7fc80a439639f7837171a0ae136da50e9056151be
instruction/seventh_character_applicability,instruction,508,42602,26361,25427,50.053149606299215,19.978762732528416,17175,40.31500868503826,934,3.5431129319828534,0.10719749812076593,knowledge/instruction--seventh_character_applicability.ffl,0434bdb96e98a32252a88e3135726d29e8fb692da946c4743e6ffb37d5fae6a3,573461b331fc856442a59b42f10aa303c45c92f7e139997c430d92db410933d2,ac085d901e78474003ddc45cc1d3fdbdfcc3fc355b407f2db78cc6bd560623a5
instruction/use_additional_code,instruction,844,72882,48098,46492,55.08530805687204,18.153660844876537,26390,36.209214895310225,1606,3.339016175308745,0.19600527323831554,knowledge/instruction--use_additional_code.ffl,fef5b0578209f586ce0c2baf4c025603a07c747535e3b157bec434b61dff0ebf,12b3326f85d85a8eeba66989093823a95a721db001fb1f87d0d286b0dbb9541a,175f7ebec28dc6b26caeb2ece02bbe2d9003877c6577337f18218d550a435434
release/change,release,47,6484,5207,5191,110.44680851063829,9.054132151801195,1293,19.941394201110427,16,0.3072786633378145,0.02188469787017328,knowledge/release--change.ffl,d824595834fae74d4dc559de0ed48d7c85ecd17d759e05abb506a1d855624a6a,51c78b1078ca066baf41359345afee447cc4d21a45529db31748d649caf31bb4,13224ac24fa98b99fee07df9f59761987fa2a60d901fa4066715d8f0d4c3231b
release/edition,release,2,156,108,187,93.5,10.695187165775401,-31,-19.871794871794872,-79,-73.14814814814815,0.0007883718939939131,knowledge/release--edition.ffl,32947770093ca45f0170cb4b15e5e4beed275eddac9224ae219eb9ec20f27d8a,e747faf6ecbc91ba0454c06c1e678cbd027d424dfa21d40d99e9a698fa12c6d2,26287f9e50760b6719156d333eaaf8c1d243045c472b3692d92424923880a5e1
release/summary,release,4,434,293,376,94.0,10.638297872340425,58,13.36405529953917,-83,-28.32764505119454,0.0015851755729503279,knowledge/release--summary.ffl,478c54aaf67ee99bdada06a85e5d143b5e69b6ddbad4a53c44fa07ed6ac0c26a,b894fa436dc3d6f3f8e63df038f3f2ec0ab65103a98533ed27248ffec95ea699,f4ce5bfec4c72c52d59329603f27eeb6a7c042a33b7f2794fc71f8c8b4f311e2
table/drug,table,43225,3055785,1448691,1315915,30.443377674956622,32.84786631355369,1739870,56.936924554574354,132776,9.165239516225338,5.547756154465241,knowledge/table--drug.ffl,33719d1f0e288322263908e8be91ac3708ded0996e5886c0e1e4d4b8f08630d0,534c01660f7045b77253c3a0fcba9d507fb23633dcc8b97167d463c956e6e7fb,40599a5e517b371356a2ddb5a17d60d7de66e1e006db1d3ba76e572446368171
table/neoplasm,table,10939,735960,299119,263435,24.082183014900814,41.5244747281113,472525,64.20525572041959,35684,11.929700219645024,1.1106136357983236,knowledge/table--neoplasm.ffl,d0f839f882ea81345d3e01bd3b9344e8100a7edecc774d9455069f9c66568547,2732fe8c0b275916ef90aaf9a8cc6640abf5d65be63e7d90a9d2495b335befd7,2b81e62c360f80cb9e3c9ed4380b527ce4171b3711709e5c440f02b1f7402c12
table/visual_impairment,table,1,323,321,404,404.0,2.4752475247524752,-81,-25.077399380804952,-83,-25.856697819314643,0.0017032205624253522,knowledge/table--visual_impairment.ffl,9cd63e70ee4d928eada1efd3754d5affa21ba4148ad49fc79f1202521852029d,83ce65e80144b54751ab73f9c65cbabec7f23ddedffa0cec0a9ffba3d8de24e5,af483fa4ba1ceca04baa0072a4b42d258c53e3bb80b0dd9b0de67de068359eb7
